#{"t_start": 1653892035.9568565, "env_id": "PointToRandomPoint-v0"}
r,l,t
-6264.468977,8001,56.508909
-6841.655416,8001,92.34461
-5456.653022,8001,120.555794
-8371.917835,8001,147.790308
-6155.220091,8001,174.769984
-6771.957345,8001,205.137504
-7601.00928,8001,236.399216
-8134.773959,8001,263.907705
-8265.568343,8001,292.888196
-9776.322859,8001,321.696817
